编号,名称,对应头像
ID,Name,Portrait
1,天真的夏小婉,Portrait_Middle1
2,害羞的陆泠雪,Portrait_Middle1
3,幸运丫头杨菊玲,Portrait_Middle1
4,风筝大师宁师师,Portrait_Middle1
5,“桃子王”姚岚,Portrait_Middle1
6,桃扇青眉柳如烟,Portrait_Middle2
7,风情尤物易倾城,Portrait_Middle2
8,薇洛夫人,Portrait_Middle2
9,温柔的裴安妮,Portrait_Middle2
10,幽怨歌伶孟嫣然,Portrait_Middle2
11,青阳大君吕归尘,Portrait_Middle3
12,诚实郎君王二火,Portrait_Middle3
13,逍遥散仙崔小玄,Portrait_Middle3
14,左岸第一镖蒋涛,Portrait_Middle3
15,诛魔长剑凌天豪,Portrait_Middle3
16,青城灵秀林落薇,Portrait_Middle4
17,云霞丽影潘云诗,Portrait_Middle4
18,织花丽人庄语凝,Portrait_Middle4
19,金莲圣者孙柔心,Portrait_Middle4
20,冷静的梅雨竹,Portrait_Middle4
21,狂澜萧萧罗一剑,Portrait_Middle5
22,飞奔硕鼠徐一平,Portrait_Middle5
23,剑宗翘楚林清狂,Portrait_Middle5
24,杀影传说龙襄,Portrait_Middle5
25,妙手书生文剑光,Portrait_Middle5
26,百宝娇娘程水若,Portrait_Middle6
27,坚强的李建钢,Portrait_Middle6
28,刁蛮少女韩楚凌,Portrait_Middle6
29,中原画师郑想,Portrait_Middle6
30,反串名伶邹丹丹,Portrait_Middle6
31,绝代琴师风临晚,Portrait_Middle7
32,昆仑雪女冷幽兰,Portrait_Middle7
33,落花仙子苏忘尘,Portrait_Middle7
34,清柔女仙董灵音,Portrait_Middle7
35,痴情的李沐瑶,Portrait_Middle7
36,百草童子汤中华,Portrait_Middle8
37,牛倌王小虎,Portrait_Middle8
38,澄墟灵童古三金,Portrait_Middle8
39,“赛菩提”童语,Portrait_Middle8
40,符匠林曦,Portrait_Middle8
41,鬼灵少女许执墨,Portrait_Middle9
42,云天使女赵滢滢,Portrait_Middle9
43,天演者西门也静,Portrait_Middle9
44,巧手织女凌雪晨,Portrait_Middle9
45,繁花仙秋瑶,Portrait_Middle9
46,绝情女侠孙梦弦,Portrait_Side1
47,天驱宗主羽然,Portrait_Side1
48,宝剑女侠严霜,Portrait_Side1
49,冷月葬花周缈尘,Portrait_Side1
50,暴力湘女李伟玲,Portrait_Side1
51,风流剑客小石头,Portrait_Side2
52,孤胆豪侠楚辞欢,Portrait_Side2
53,碎天铁手南宫寒,Portrait_Side2
54,真武天师安风裘,Portrait_Side2
55,六欲修士袁刚,Portrait_Side2
56,望月醉仙司徒钟,Portrait_Side3
57,无酒不欢王鸿泽,Portrait_Side3
58,诡道军事项空月,Portrait_Side3
59,浮风子唐聃,Portrait_Side3
60,千杯不醉蒋二毛,Portrait_Side3
61,秃顶道人,Portrait_Side4
62,灵宝上人沈沉,Portrait_Side4
63,长眉散人孙癫,Portrait_Side4
64,笑面护法刘洋,Portrait_Side4
65,游学者周卓,Portrait_Side4
66,星野之鹰姬野,Portrait_Side5
67,鹰眼大师吴波,Portrait_Side5
68,痴情男神向海洋,Portrait_Side5
69,黑衣戒卫燕长天,Portrait_Side5
70,绝世大侠卢小鱼,Portrait_Side5
71,冷面神剑索隆张,Portrait_Side6
72,银蛇剑侠墨千仇,Portrait_Side6
73,八荒魔君钟离卿,Portrait_Side6
74,大漠狂刀诸葛雄,Portrait_Side6
75,壕族少主杜牧,Portrait_Side6
76,酒坛首富罗安恒,Portrait_Side7
77,铁嘴罗汉姜渝,Portrait_Side7
78,力压容山文晓强,Portrait_Side7
79,旅行商人莫吉,Portrait_Side7
80,“毒舌”黄诚威,Portrait_Side7
81,百媚花容上官翎,Portrait_Side8
82,雪域娇女吕轻烟,Portrait_Side8
83,戎装公主穆云寒,Portrait_Side8
84,女射手李琪薇,Portrait_Side8
85,云中之月叶雍容,Portrait_Side8
86,“贪狼”郑晓刚,Portrait_Side9
87,尘世醉侠倪萌园,Portrait_Side9
88,“神算子”廖攀,Portrait_Side9
89,阴阳判官乌都尔,Portrait_Side9
90,招魂者单忌同,Portrait_Side9
